<?xml version="1.0" encoding="UTF-8"?>
<!DOCTYPE hibernate-configuration PUBLIC
        "-//Hibernate/Hibernate Configuration DTD 3.0//EN"
        "http://www.hibernate.org/dtd/hibernate-configuration-3.0.dtd">
<hibernate-configuration>
    <session-factory>
        <!-- Configuración de la conexión a la base de datos -->
        <property name="hibernate.connection.driver_class">com.mysql.cj.jdbc.Driver</property>
        <property name="hibernate.connection.url">jdbc:mysql://localhost:3306/concesionario?createDatabaseIfNotExist=true</property>
        <property name="hibernate.connection.username">root</property>
        <property name="hibernate.connection.password">abc123.</property>
        
        <!-- Configuración del dialecto de MySQL -->
        <property name="hibernate.dialect">org.hibernate.dialect.MySQLDialect</property>
        
        <!-- Configuración de la sesión -->
        <property name="hibernate.current_session_context_class">thread</property>
        
        <!-- Mostrar las consultas SQL en la consola -->
        <property name="hibernate.show_sql">true</property>
        <property name="hibernate.format_sql">true</property>
        
        <!-- Actualizar el esquema de la base de datos automáticamente -->
        <property name="hibernate.hbm2ddl.auto">update</property>
        
        <!-- Mapeo de entidades -->
        <mapping class="com.concesionario.model.Usuario"/>
        <mapping class="com.concesionario.model.Cliente"/>
        <mapping class="com.concesionario.model.Vendedor"/>
        <mapping class="com.concesionario.model.Vehiculo"/>
        <mapping class="com.concesionario.model.Venta"/>
    </session-factory>
</hibernate-configuration> 